{
    "metrics": {
        "iterations": {
            "count": 54,
            "rate": 1.5812979215446474
        },
        "http_req_sending": {
            "p(90)": 0,
            "p(95)": 0,
            "p(99)": 0.6301479999999997,
            "max": 0.813,
            "count": 325,
            "avg": 0.02102953846153846,
            "min": 0,
            "med": 0
        },
        "group_duration": {
            "p(95)": 45.046359999999886,
            "p(99)": 257.7046579999997,
            "max": 403.1951,
            "count": 324,
            "avg": 23.909816975308644,
            "min": 3.5431,
            "med": 16.161749999999998,
            "p(90)": 33.352509999999995
        },
        "vus_max": {
            "value": 2,
            "min": 2,
            "max": 2
        },
        "http_req_connecting": {
            "p(95)": 0,
            "p(99)": 0,
            "max": 1.4473,
            "count": 325,
            "avg": 0.011055692307692306,
            "min": 0,
            "med": 0,
            "p(90)": 0
        },
        "http_reqs": {
            "count": 325,
            "rate": 9.517070824111304
        },
        "http_req_receiving": {
            "p(95)": 1.77206,
            "p(99)": 2.8065479999999994,
            "max": 21.437,
            "count": 325,
            "avg": 0.6541064615384619,
            "min": 0,
            "med": 0.5168,
            "p(90)": 1.5106199999999999
        },
        "iteration_duration": {
            "p(99)": 2101.8156,
            "max": 2101.8156,
            "count": 54,
            "avg": 1144.0482111111107,
            "min": 1061.9813,
            "med": 1095.1739,
            "p(90)": 1169.5739700000001,
            "p(95)": 1234.8161
        },
        "http_req_duration": {
            "p(90)": 33.52956000000001,
            "p(95)": 45.57790000000001,
            "p(99)": 262.66093199999995,
            "max": 3212.6906,
            "count": 325,
            "avg": 33.539335384615384,
            "min": 3.5431,
            "med": 16.0519,
            "thresholds": {
                "p(95)<800": false,
                "p(99)<1500": false
            }
        },
        "http_req_blocked": {
            "avg": 0.01665323076923077,
            "min": 0,
            "med": 0,
            "p(90)": 0,
            "p(95)": 0,
            "p(99)": 0.5348959999999998,
            "max": 2.2082,
            "count": 325
        },
        "data_sent": {
            "rate": 5594.046380528094,
            "count": 191032
        },
        "data_received": {
            "count": 550777,
            "rate": 16128.565283974005
        },
        "http_req_failed": {
            "passes": 0,
            "fails": 325,
            "thresholds": {
                "rate<0.01": false
            },
            "value": 0
        },
        "checks": {
            "fails": 0,
            "passes": 324,
            "thresholds": {
                "rate>0.99": false
            },
            "value": 1
        },
        "vus": {
            "value": 2,
            "min": 0,
            "max": 2
        },
        "http_req_duration{expected_response:true}": {
            "med": 16.0519,
            "p(90)": 33.52956000000001,
            "p(95)": 45.57790000000001,
            "p(99)": 262.66093199999995,
            "max": 3212.6906,
            "count": 325,
            "avg": 33.539335384615384,
            "min": 3.5431
        },
        "http_req_tls_handshaking": {
            "min": 0,
            "med": 0,
            "p(90)": 0,
            "p(95)": 0,
            "p(99)": 0,
            "max": 0,
            "count": 325,
            "avg": 0
        },
        "http_req_waiting": {
            "p(95)": 43.71384000000005,
            "p(99)": 260.316532,
            "max": 3209.9086,
            "count": 325,
            "avg": 32.864199384615404,
            "min": 3.5431,
            "med": 15.5301,
            "p(90)": 31.41794000000002
        }
    },
    "setup_data": {
        "email": "k6+2312ee2b-11bf-4c4b-bd09-0e1fc79b1336@loadtest.skbingegalaxy.local",
        "password": "LoadTest!2026#aA1",
        "token": "eyJhbGciOiJIUzI1NiJ9.eyJmaXJzdE5hbWUiOiJMb2FkIiwicm9sZSI6IkNVU1RPTUVSIiwicGhvbmVDb3VudHJ5Q29kZSI6Iis5MSIsInBob25lIjoiMjkwNTQyNjcxNSIsInRva2VuX3R5cGUiOiJhY2Nlc3MiLCJlbWFpbCI6Ims2KzIzMTJlZTJiLTExYmYtNGM0Yi1iZDA5LTBlMWZjNzliMTMzNkBsb2FkdGVzdC5za2JpbmdlZ2FsYXh5LmxvY2FsIiwianRpIjoiNGRkZGY0MDItYmFmOS00NzU2LWFkMWYtODAxY2U1ZTJiZjg1Iiwic3ViIjoiMTI4IiwiaXNzIjoic2tiaW5nZWdhbGF4eS1hdXRoIiwiYXVkIjpbInNrYmluZ2VnYWxheHktd2ViIl0sImlhdCI6MTc3OTMwMzE2NSwiZXhwIjoxNzc5MzA0MDY1fQ.V2BHwMRveEoEe8zv6BBhy0JzB-9ykBZVAJ2ZBNiDqKY"
    },
    "root_group": {
        "name": "",
        "path": "",
        "id": "d41d8cd98f00b204e9800998ecf8427e",
        "groups": {
            "public - health": {
                "path": "::public - health",
                "id": "09952055e867aae93da09204fa67feb5",
                "groups": {},
                "checks": {
                        "health 200": {
                            "path": "::public - health::health 200",
                            "id": "bfdd2c93ff48d0cf12a228d7d568b456",
                            "passes": 54,
                            "fails": 0,
                            "name": "health 200"
                        }
                    },
                "name": "public - health"
            },
            "public - event types": {
                "name": "public - event types",
                "path": "::public - event types",
                "id": "f3c7dca8355c0a5f046dc51eca55bea7",
                "groups": {},
                "checks": {
                        "event-types 200": {
                            "fails": 0,
                            "name": "event-types 200",
                            "path": "::public - event types::event-types 200",
                            "id": "0893a384c3c4f5070d78014f4cccf4f3",
                            "passes": 54
                        }
                    }
            },
            "public - add-ons": {
                "groups": {},
                "checks": {
                        "add-ons 200": {
                            "passes": 54,
                            "fails": 0,
                            "name": "add-ons 200",
                            "path": "::public - add-ons::add-ons 200",
                            "id": "4eeeb4bb2124056fa9ee8c25efbd1fd4"
                        }
                    },
                "name": "public - add-ons",
                "path": "::public - add-ons",
                "id": "05f6dcb6dec71a6036746a5179d52929"
            },
            "public - booked slots today": {
                "groups": {},
                "checks": {
                        "booked-slots 200": {
                            "name": "booked-slots 200",
                            "path": "::public - booked slots today::booked-slots 200",
                            "id": "5eca23118ce965a2e903e312531f6536",
                            "passes": 54,
                            "fails": 0
                        }
                    },
                "name": "public - booked slots today",
                "path": "::public - booked slots today",
                "id": "9a0050a0d1aa23d13ae27321d86d1125"
            },
            "auth - my bookings": {
                "name": "auth - my bookings",
                "path": "::auth - my bookings",
                "id": "ad329e3edcf21979a2f360a3b5b711c8",
                "groups": {},
                "checks": {
                        "my bookings 200": {
                            "name": "my bookings 200",
                            "path": "::auth - my bookings::my bookings 200",
                            "id": "1dd8029355c9ba329ea8bd73be9a35e6",
                            "passes": 54,
                            "fails": 0
                        }
                    }
            },